{
  "homeInfo": {
    "title": "首页",
    "href": "admin/index.php?t=1"
  },
  "logoInfo": {
    "title": "学术部后台",
    "image": "images/logo.png",
    "href": ""
  },
  "menuInfo": [
    {
      "title": "基础功能",
      "icon": "fa fa-address-book",
      "href": "",
      "target": "_self",
      "child": [
        {
          "title": "公告管理",
          "href": "admin/notice.php",
          "icon": "fa fa-bullhorn",
          "target": "_self"
        },
        {
          "title": "更新管理",
          "href": "admin/update.php",
          "icon": "fa fa-rocket",
          "target": "_self"
        },
        {
          "title": "反馈管理",
          "href": "admin/feedback.php",
          "icon": "fa fa-envelope",
          "target": "_self"
        }
      ]
    },
    {
      "title": "用户管理",
      "icon": "fa fa-user",
      "href": "",
      "target": "_self",
      "child": [
        {
          "title": "用户管理",
          "href": "admin/user.php",
          "icon": "fa fa-child",
          "target": "_self"
        },
        {
          "title": "私信管理",
          "href": "admin/chat.php",
          "icon": "fa fa-comments-o",
          "target": "_self"
        },
        {
          "title": "关注管理",
          "href": "admin/concern.php",
          "icon": "fa fa-heart",
          "target": "_self"
        },
        {
          "title": "注册配置",
          "href": "admin/user_reg_pz.php",
          "icon": "fa fa-adn",
          "target": "_self"
        }
      ]
    },
    {
      "title": "商店管理",
      "icon": "fa fa-cart-plus",
      "href": "",
      "target": "_self",
      "child": [
        {
          "title": "商品列表",
          "href": "admin/goods.php",
          "icon": "fa fa-building-o",
          "target": "_self"
        },
        {
          "title": "订单列表",
          "href": "admin/goods_order.php",
          "icon": "fa fa-shopping-cart",
          "target": "_self"
        }
      ]
    },
         {
      "title": "论坛管理",
      "icon": "fa fa-group",
      "href": "",
      "target": "_self",
      "child": [
        {
          "title": "帖子管理",
          "href": "admin/bbs_post.php",
          "icon": "fa fa-bullhorn",
          "target": "_self"
        },
        {
          "title": "分类管理",
          "href": "admin/bbs_sort.php",
          "icon": "fa fa-rocket",
          "target": "_self"
        },
        {
          "title": "评论管理",
          "href": "admin/bbs_comment.php",
          "icon": "fa fa-comments",
          "target": "_self"
        }
      ]
    },
    {
      "title": "Key管理",
      "icon": "fa fa-cog",
      "href": "",
      "target": "_self",
      "child": [
        {
          "title": "myKEY设置",
          "href": "admin/mykey.php",
          "icon": "fa fa-dot-circle-o",
          "target": "_self"
        }
      ]
    },
     {
      "title": "软件管理",
      "icon": "fa fa-desktop",
      "href": "admin/app.php",
      "target": "_self"
    },
    {
      "title": "卡密管理",
      "icon": "fa fa-square",
      "href": "admin/carmine.php",
      "target": "_self"
    },
     {
      "title": "邮件管理",
      "icon": "fa fa-envelope",
      "href": "admin/mail.php",
      "target": "_self"
    },
     {
      "title": "便签管理",
      "icon": "fa fa-edit",
      "href": "admin/note.php",
      "target": "_self"
    },
         {
      "title": "支付管理",
      "icon": "fa fa-mobile",
      "href": "admin/easypay.php",
      "target": "_self"
    },
    {
      "title": "接口文档",
      "icon": "fa fa-file-text",
      "href": "https://www.bcdog.cn/199.html",
      "target": "_blank"
    }
  ]
}